BEGIN TRANSACTION;
INSERT INTO "django_migrations" ("id","app","name","applied") VALUES (1,'users','0001_initial','2023-05-16 03:41:40.921276');
INSERT INTO "django_migrations" ("id","app","name","applied") VALUES (2,'contenttypes','0001_initial','2023-05-16 03:41:40.932908');
INSERT INTO "django_migrations" ("id","app","name","applied") VALUES (3,'admin','0001_initial','2023-05-16 03:41:40.951648');
INSERT INTO "django_migrations" ("id","app","name","applied") VALUES (4,'admin','0002_logentry_remove_auto_add','2023-05-16 03:41:40.965401');
INSERT INTO "django_migrations" ("id","app","name","applied") VALUES (5,'admin','0003_logentry_add_action_flag_choices','2023-05-16 03:41:40.974525');
INSERT INTO "django_migrations" ("id","app","name","applied") VALUES (6,'contenttypes','0002_remove_content_type_name','2023-05-16 03:41:40.989583');
INSERT INTO "django_migrations" ("id","app","name","applied") VALUES (7,'auth','0001_initial','2023-05-16 03:41:41.016535');
INSERT INTO "django_migrations" ("id","app","name","applied") VALUES (8,'auth','0002_alter_permission_name_max_length','2023-05-16 03:41:41.032711');
INSERT INTO "django_migrations" ("id","app","name","applied") VALUES (9,'auth','0003_alter_user_email_max_length','2023-05-16 03:41:41.040847');
INSERT INTO "django_migrations" ("id","app","name","applied") VALUES (10,'auth','0004_alter_user_username_opts','2023-05-16 03:41:41.050080');
INSERT INTO "django_migrations" ("id","app","name","applied") VALUES (11,'auth','0005_alter_user_last_login_null','2023-05-16 03:41:41.059937');
INSERT INTO "django_migrations" ("id","app","name","applied") VALUES (12,'auth','0006_require_contenttypes_0002','2023-05-16 03:41:41.066736');
INSERT INTO "django_migrations" ("id","app","name","applied") VALUES (13,'auth','0007_alter_validators_add_error_messages','2023-05-16 03:41:41.074828');
INSERT INTO "django_migrations" ("id","app","name","applied") VALUES (14,'auth','0008_alter_user_username_max_length','2023-05-16 03:41:41.084951');
INSERT INTO "django_migrations" ("id","app","name","applied") VALUES (15,'auth','0009_alter_user_last_name_max_length','2023-05-16 03:41:41.095685');
INSERT INTO "django_migrations" ("id","app","name","applied") VALUES (16,'auth','0010_alter_group_name_max_length','2023-05-16 03:41:41.106667');
INSERT INTO "django_migrations" ("id","app","name","applied") VALUES (17,'auth','0011_update_proxy_permissions','2023-05-16 03:41:41.118666');
INSERT INTO "django_migrations" ("id","app","name","applied") VALUES (18,'auth','0012_alter_user_first_name_max_length','2023-05-16 03:41:41.129673');
INSERT INTO "django_migrations" ("id","app","name","applied") VALUES (19,'sessions','0001_initial','2023-05-16 03:41:41.144682');
INSERT INTO "django_migrations" ("id","app","name","applied") VALUES (20,'store','0001_initial','2023-05-16 03:41:41.168110');
INSERT INTO "django_migrations" ("id","app","name","applied") VALUES (21,'store','0002_alter_cart_user','2023-05-16 04:37:01.575258');
INSERT INTO "django_migrations" ("id","app","name","applied") VALUES (22,'store','0003_profile','2023-05-16 04:43:06.470553');
INSERT INTO "django_migrations" ("id","app","name","applied") VALUES (23,'store','0004_delete_profile','2023-05-16 04:58:16.286463');
INSERT INTO "django_migrations" ("id","app","name","applied") VALUES (24,'store','0005_alter_cart_user','2023-05-16 05:30:33.013009');
INSERT INTO "django_migrations" ("id","app","name","applied") VALUES (25,'store','0006_alter_cart_user','2023-05-16 05:34:26.894293');
INSERT INTO "users_user" ("id","password","last_login","email","username","is_active","is_admin") VALUES (1,'pbkdf2_sha256$600000$hzrRy7sSFR48cXdI5F2RRK$WgLDm5wBgXQgdpB7xp1PG8Tw/NNXdJkVNpR7LbjHP8I=','2023-05-17 16:39:02.814144','admin@admin.com','admin',1,1);
INSERT INTO "django_admin_log" ("id","object_id","object_repr","action_flag","change_message","content_type_id","user_id","action_time") VALUES (1,'1','Jujutsu Kaisen 4',2,'[{"changed": {"fields": ["Digital"]}}]',8,1,'2023-05-17 05:24:40.507677');
INSERT INTO "django_admin_log" ("id","object_id","object_repr","action_flag","change_message","content_type_id","user_id","action_time") VALUES (2,'6','Jujutsu Kaisen 7',2,'[{"changed": {"fields": ["Digital"]}}]',8,1,'2023-05-17 05:24:51.422711');
INSERT INTO "django_admin_log" ("id","object_id","object_repr","action_flag","change_message","content_type_id","user_id","action_time") VALUES (3,'7','Jujutsu Kaisen 13',2,'[{"changed": {"fields": ["Digital"]}}]',8,1,'2023-05-17 05:25:15.238528');
INSERT INTO "django_admin_log" ("id","object_id","object_repr","action_flag","change_message","content_type_id","user_id","action_time") VALUES (4,'7','Jujutsu Kaisen 13',2,'[]',8,1,'2023-05-17 05:25:24.991673');
INSERT INTO "django_admin_log" ("id","object_id","object_repr","action_flag","change_message","content_type_id","user_id","action_time") VALUES (5,'4','Berserk 1',2,'[{"changed": {"fields": ["Digital"]}}]',8,1,'2023-05-17 05:25:34.497692');
INSERT INTO "django_admin_log" ("id","object_id","object_repr","action_flag","change_message","content_type_id","user_id","action_time") VALUES (6,'11','Hell''s Paradise 2',2,'[{"changed": {"fields": ["Digital"]}}]',8,1,'2023-05-17 05:25:42.315636');
INSERT INTO "django_admin_log" ("id","object_id","object_repr","action_flag","change_message","content_type_id","user_id","action_time") VALUES (7,'12','Hell''s Paradise 3',2,'[]',8,1,'2023-05-17 05:25:46.511596');
INSERT INTO "django_admin_log" ("id","object_id","object_repr","action_flag","change_message","content_type_id","user_id","action_time") VALUES (8,'11','Hell''s Paradise 2',2,'[{"changed": {"fields": ["Digital"]}}]',8,1,'2023-05-17 05:25:49.720652');
INSERT INTO "django_admin_log" ("id","object_id","object_repr","action_flag","change_message","content_type_id","user_id","action_time") VALUES (9,'15','Shingeki No Kyojin 4',2,'[{"changed": {"fields": ["Digital"]}}]',8,1,'2023-05-17 05:25:53.372166');
INSERT INTO "django_admin_log" ("id","object_id","object_repr","action_flag","change_message","content_type_id","user_id","action_time") VALUES (10,'14','Shingeki No Kyojin 3',2,'[{"changed": {"fields": ["Digital"]}}]',8,1,'2023-05-17 05:25:56.560641');
INSERT INTO "django_admin_log" ("id","object_id","object_repr","action_flag","change_message","content_type_id","user_id","action_time") VALUES (11,'13','Shingeki No Kyojin 2',2,'[{"changed": {"fields": ["Digital"]}}]',8,1,'2023-05-17 05:25:59.454466');
INSERT INTO "django_admin_log" ("id","object_id","object_repr","action_flag","change_message","content_type_id","user_id","action_time") VALUES (12,'3','Shingeki No Kyojin 1',2,'[{"changed": {"fields": ["Digital"]}}]',8,1,'2023-05-17 05:26:03.427632');
INSERT INTO "django_admin_log" ("id","object_id","object_repr","action_flag","change_message","content_type_id","user_id","action_time") VALUES (13,'1','Cart object (1)',3,'',7,1,'2023-05-17 16:36:15.872585');
INSERT INTO "django_admin_log" ("id","object_id","object_repr","action_flag","change_message","content_type_id","user_id","action_time") VALUES (14,'10','Cart object (10)',3,'',7,1,'2023-05-17 16:39:24.899359');
INSERT INTO "django_admin_log" ("id","object_id","object_repr","action_flag","change_message","content_type_id","user_id","action_time") VALUES (15,'9','Cart object (9)',3,'',7,1,'2023-05-17 16:39:27.651282');
INSERT INTO "django_admin_log" ("id","object_id","object_repr","action_flag","change_message","content_type_id","user_id","action_time") VALUES (16,'8','Cart object (8)',3,'',7,1,'2023-05-17 16:39:29.930287');
INSERT INTO "django_admin_log" ("id","object_id","object_repr","action_flag","change_message","content_type_id","user_id","action_time") VALUES (17,'7','Cart object (7)',3,'',7,1,'2023-05-17 16:39:37.476307');
INSERT INTO "django_admin_log" ("id","object_id","object_repr","action_flag","change_message","content_type_id","user_id","action_time") VALUES (18,'6','Cart object (6)',3,'',7,1,'2023-05-17 16:39:37.498618');
INSERT INTO "django_admin_log" ("id","object_id","object_repr","action_flag","change_message","content_type_id","user_id","action_time") VALUES (19,'5','Cart object (5)',3,'',7,1,'2023-05-17 16:39:37.510317');
INSERT INTO "django_admin_log" ("id","object_id","object_repr","action_flag","change_message","content_type_id","user_id","action_time") VALUES (20,'4','Cart object (4)',3,'',7,1,'2023-05-17 16:39:37.519122');
INSERT INTO "django_admin_log" ("id","object_id","object_repr","action_flag","change_message","content_type_id","user_id","action_time") VALUES (21,'3','Cart object (3)',3,'',7,1,'2023-05-17 16:39:37.530236');
INSERT INTO "django_admin_log" ("id","object_id","object_repr","action_flag","change_message","content_type_id","user_id","action_time") VALUES (22,'2','Cart object (2)',3,'',7,1,'2023-05-17 16:39:37.538490');
INSERT INTO "django_content_type" ("id","app_label","model") VALUES (1,'admin','logentry');
INSERT INTO "django_content_type" ("id","app_label","model") VALUES (2,'auth','permission');
INSERT INTO "django_content_type" ("id","app_label","model") VALUES (3,'auth','group');
INSERT INTO "django_content_type" ("id","app_label","model") VALUES (4,'contenttypes','contenttype');
INSERT INTO "django_content_type" ("id","app_label","model") VALUES (5,'sessions','session');
INSERT INTO "django_content_type" ("id","app_label","model") VALUES (6,'users','user');
INSERT INTO "django_content_type" ("id","app_label","model") VALUES (7,'store','cart');
INSERT INTO "django_content_type" ("id","app_label","model") VALUES (8,'store','manga');
INSERT INTO "django_content_type" ("id","app_label","model") VALUES (9,'store','cartitem');
INSERT INTO "django_content_type" ("id","app_label","model") VALUES (10,'store','profile');
INSERT INTO "auth_permission" ("id","content_type_id","codename","name") VALUES (1,1,'add_logentry','Can add log entry');
INSERT INTO "auth_permission" ("id","content_type_id","codename","name") VALUES (2,1,'change_logentry','Can change log entry');
INSERT INTO "auth_permission" ("id","content_type_id","codename","name") VALUES (3,1,'delete_logentry','Can delete log entry');
INSERT INTO "auth_permission" ("id","content_type_id","codename","name") VALUES (4,1,'view_logentry','Can view log entry');
INSERT INTO "auth_permission" ("id","content_type_id","codename","name") VALUES (5,2,'add_permission','Can add permission');
INSERT INTO "auth_permission" ("id","content_type_id","codename","name") VALUES (6,2,'change_permission','Can change permission');
INSERT INTO "auth_permission" ("id","content_type_id","codename","name") VALUES (7,2,'delete_permission','Can delete permission');
INSERT INTO "auth_permission" ("id","content_type_id","codename","name") VALUES (8,2,'view_permission','Can view permission');
INSERT INTO "auth_permission" ("id","content_type_id","codename","name") VALUES (9,3,'add_group','Can add group');
INSERT INTO "auth_permission" ("id","content_type_id","codename","name") VALUES (10,3,'change_group','Can change group');
INSERT INTO "auth_permission" ("id","content_type_id","codename","name") VALUES (11,3,'delete_group','Can delete group');
INSERT INTO "auth_permission" ("id","content_type_id","codename","name") VALUES (12,3,'view_group','Can view group');
INSERT INTO "auth_permission" ("id","content_type_id","codename","name") VALUES (13,4,'add_contenttype','Can add content type');
INSERT INTO "auth_permission" ("id","content_type_id","codename","name") VALUES (14,4,'change_contenttype','Can change content type');
INSERT INTO "auth_permission" ("id","content_type_id","codename","name") VALUES (15,4,'delete_contenttype','Can delete content type');
INSERT INTO "auth_permission" ("id","content_type_id","codename","name") VALUES (16,4,'view_contenttype','Can view content type');
INSERT INTO "auth_permission" ("id","content_type_id","codename","name") VALUES (17,5,'add_session','Can add session');
INSERT INTO "auth_permission" ("id","content_type_id","codename","name") VALUES (18,5,'change_session','Can change session');
INSERT INTO "auth_permission" ("id","content_type_id","codename","name") VALUES (19,5,'delete_session','Can delete session');
INSERT INTO "auth_permission" ("id","content_type_id","codename","name") VALUES (20,5,'view_session','Can view session');
INSERT INTO "auth_permission" ("id","content_type_id","codename","name") VALUES (21,6,'add_user','Can add user');
INSERT INTO "auth_permission" ("id","content_type_id","codename","name") VALUES (22,6,'change_user','Can change user');
INSERT INTO "auth_permission" ("id","content_type_id","codename","name") VALUES (23,6,'delete_user','Can delete user');
INSERT INTO "auth_permission" ("id","content_type_id","codename","name") VALUES (24,6,'view_user','Can view user');
INSERT INTO "auth_permission" ("id","content_type_id","codename","name") VALUES (25,7,'add_cart','Can add cart');
INSERT INTO "auth_permission" ("id","content_type_id","codename","name") VALUES (26,7,'change_cart','Can change cart');
INSERT INTO "auth_permission" ("id","content_type_id","codename","name") VALUES (27,7,'delete_cart','Can delete cart');
INSERT INTO "auth_permission" ("id","content_type_id","codename","name") VALUES (28,7,'view_cart','Can view cart');
INSERT INTO "auth_permission" ("id","content_type_id","codename","name") VALUES (29,8,'add_manga','Can add manga');
INSERT INTO "auth_permission" ("id","content_type_id","codename","name") VALUES (30,8,'change_manga','Can change manga');
INSERT INTO "auth_permission" ("id","content_type_id","codename","name") VALUES (31,8,'delete_manga','Can delete manga');
INSERT INTO "auth_permission" ("id","content_type_id","codename","name") VALUES (32,8,'view_manga','Can view manga');
INSERT INTO "auth_permission" ("id","content_type_id","codename","name") VALUES (33,9,'add_cartitem','Can add cart item');
INSERT INTO "auth_permission" ("id","content_type_id","codename","name") VALUES (34,9,'change_cartitem','Can change cart item');
INSERT INTO "auth_permission" ("id","content_type_id","codename","name") VALUES (35,9,'delete_cartitem','Can delete cart item');
INSERT INTO "auth_permission" ("id","content_type_id","codename","name") VALUES (36,9,'view_cartitem','Can view cart item');
INSERT INTO "auth_permission" ("id","content_type_id","codename","name") VALUES (37,10,'add_profile','Can add profile');
INSERT INTO "auth_permission" ("id","content_type_id","codename","name") VALUES (38,10,'change_profile','Can change profile');
INSERT INTO "auth_permission" ("id","content_type_id","codename","name") VALUES (39,10,'delete_profile','Can delete profile');
INSERT INTO "auth_permission" ("id","content_type_id","codename","name") VALUES (40,10,'view_profile','Can view profile');
INSERT INTO "django_session" ("session_key","session_data","expire_date") VALUES ('qocvnxuujxdu9ip442s0wdcg93sf9y7o','.eJxVjDsOgzAQBe_iOrLWNvhDmT5nsHbXSyCJQAJTRbl7QKJI2jfz5q0ybnXI2ypLHovqlFGX342QnzIdoDxwus-a56kuI-lD0Sdd9W0u8rqe7l9gwHXY3wmcM7EpSSha10TwvvXWJmIKXrhwbAAdYJA-9GiiJUEjzMEEgr6lPcq41Fznii_VueQB4PMFaKM-BA:1pyoVG:WZCoN7eloR_NCvw58JpC1NRThiRYdal7_UTnB4x0ixA','2023-05-30 06:49:46.021016');
INSERT INTO "django_session" ("session_key","session_data","expire_date") VALUES ('rdvlrshvmtxzxj5v82yn6g6bx9ybwt68','eyJjYXJ0X2lkIjozfQ:1pynYt:rh3LxRLklBo2IrTqVjH5ETc8GE6cU2jdYQsY5BXouSg','2023-05-30 05:49:27.133155');
INSERT INTO "django_session" ("session_key","session_data","expire_date") VALUES ('r8tceps5a2lndjxxinw7y9mk3pcd1eat','eyJjYXJ0X2lkIjo0fQ:1pynZ1:BeKoq0ytdHvvN8jItla_jnYqBGd6WBEtE9aYWD_P6Og','2023-05-30 05:49:35.710100');
INSERT INTO "django_session" ("session_key","session_data","expire_date") VALUES ('w3soujehm64xu31s45ky5nm9i3rhg2vr','eyJjYXJ0X2lkIjo1LCJjYXJ0X3RvdGFsIjo0ODAwMH0:1pynlD:L7V4nBTLytowjigwHVSi5ICKVUonZiuELAMH3pztL7E','2023-05-30 06:02:11.667765');
INSERT INTO "django_session" ("session_key","session_data","expire_date") VALUES ('6vv9kdd7b8wntp2213l9fgo1lth15zgb','eyJjYXJ0X3RvdGFsIjo3MjAwMCwiY2FydF9pZCI6Nn0:1pyo4o:YRgMJBbdZy_1S1b0ZEoI4WjT-kNx1eWS-9OsayxwA30','2023-05-30 06:22:26.484903');
INSERT INTO "django_session" ("session_key","session_data","expire_date") VALUES ('d7pldft9fva37lnylk32tyxexj98dw9k','eyJjYXJ0X3RvdGFsIjoxODIwMDAsImNhcnRfaWQiOjd9:1pyoVO:8ylGcFDnwvSfQj3kFYlQukDdZE53YhAsoiYblgTAmKw','2023-05-30 06:49:54.490874');
INSERT INTO "django_session" ("session_key","session_data","expire_date") VALUES ('gpvc1z3l9ezc7s1srgcxs3obgwthquxq','.eJxVjDsOwjAQBe_iGln-xXYo6TmDtbte4wCKpTipEHeHSCmgfTPzXiLBtta0dV7SlMVZaHH63RDowfMO8h3mW5PU5nWZUO6KPGiX15b5eTncv4MKvX7rUVmro8sjYzTWReX94I0ZkTB4pkzRKbAKApdQQEeDDJqJgg6oyoDi_QHHZTf7:1pyyyj:v-OtdtrgVECkQbZ0W6Rb6E7dpIbteC89JJQE_qArQuU','2023-05-30 18:00:53.517337');
INSERT INTO "django_session" ("session_key","session_data","expire_date") VALUES ('f0vv3opumc95fjl9dlk6h18oho04aint','.eJxVjDsOgzAQBe_iOrLWNvhDmT5nsHbXSyBBIIGpotw9QaKhfTPzPopxrbkuFSfVueQB4KYy7nXI-yZrHovqlFGXjZDfMh-gvHB-LpqXua4j6UPRJ930Yyky3U_3cjDgNvzrBM6Z2JQkFK1rInjfemsTMQUvXDg2gA4wSB96NNGSoBHmYAJB35L6_gAbBT4E:1pzA2h:lcP4YRjw6zGpxC95xESId1t2o7sZ5j0ug9kVdYNFipk','2023-05-31 05:49:43.938183');
INSERT INTO "django_session" ("session_key","session_data","expire_date") VALUES ('2b23rvhsdlkuyqzyydnsopllkothffla','eyJjYXJ0X3RvdGFsIjoxMjAwMCwiY2FydF9pZCI6MTF9:1pzKC1:HT61fbyoyd9qq-y92ojsHfqJIStuAX5MdreP0mB82JA','2023-05-31 16:40:01.689270');
INSERT INTO "store_cartitem" ("id","cart_id","product_id") VALUES (91,11,1);
INSERT INTO "store_manga" ("id","digital","nombre","portada","premium","stock","precio","desc") VALUES (1,0,'Jujutsu Kaisen 4','https://static.wikia.nocookie.net/jujutsu-kaisen/images/3/31/Volume_4.png/revision/latest?cb=20190226191850',1,5,12000,'Lorem ipsum dolor sit amet, consectetur adipiscing elit, sed do eiusmod tempor incididunt ut labore et dolore magna aliqua. Ut enim ad minim veniam, quis nostrud exercitation ullamco laboris nisi ut aliquip ex ea commodo consequat. Duis aute irure dolor in reprehenderit in voluptate velit esse cillum dolore eu fugiat nulla pariatur. Excepteur sint occaecat cupidatat non proident, sunt in culpa qui officia deserunt mollit anim id est laborum.');
INSERT INTO "store_manga" ("id","digital","nombre","portada","premium","stock","precio","desc") VALUES (2,1,'Hell''s Paradise 1','https://static.wikia.nocookie.net/jigokuraku/images/0/0f/Volume_01.png/revision/latest?cb=20181229144835',0,10,12000,'Lorem ipsum dolor sit amet, consectetur adipiscing elit, sed do eiusmod tempor incididunt ut labore et dolore magna aliqua. Ut enim ad minim veniam, quis nostrud exercitation ullamco laboris nisi ut aliquip ex ea commodo consequat. Duis aute irure dolor in reprehenderit in voluptate velit esse cillum dolore eu fugiat nulla pariatur. Excepteur sint occaecat cupidatat non proident, sunt in culpa qui officia deserunt mollit anim id est laborum.');
INSERT INTO "store_manga" ("id","digital","nombre","portada","premium","stock","precio","desc") VALUES (3,0,'Shingeki No Kyojin 1','https://static.wikia.nocookie.net/shingeki-no-kyojin/images/3/36/Volumen_1_%28Japones%29.png/revision/latest?cb=20180720023530&path-prefix=es',0,3,6000,'Lorem ipsum dolor sit amet, consectetur adipiscing elit, sed do eiusmod tempor incididunt ut labore et dolore magna aliqua. Ut enim ad minim veniam, quis nostrud exercitation ullamco laboris nisi ut aliquip ex ea commodo consequat. Duis aute irure dolor in reprehenderit in voluptate velit esse cillum dolore eu fugiat nulla pariatur. Excepteur sint occaecat cupidatat non proident, sunt in culpa qui officia deserunt mollit anim id est laborum.');
INSERT INTO "store_manga" ("id","digital","nombre","portada","premium","stock","precio","desc") VALUES (4,0,'Berserk 1','https://static.wikia.nocookie.net/enmanga/images/6/64/Berserk_Vol_1.jpg/revision/latest?cb=20210928030221',1,5,10000,'Lorem ipsum dolor sit amet, consectetur adipiscing elit, sed do eiusmod tempor incididunt ut labore et dolore magna aliqua. Ut enim ad minim veniam, quis nostrud exercitation ullamco laboris nisi ut aliquip ex ea commodo consequat. Duis aute irure dolor in reprehenderit in voluptate velit esse cillum dolore eu fugiat nulla pariatur. Excepteur sint occaecat cupidatat non proident, sunt in culpa qui officia deserunt mollit anim id est laborum.');
INSERT INTO "store_manga" ("id","digital","nombre","portada","premium","stock","precio","desc") VALUES (5,1,'Haikyu!! 6','https://static.wikia.nocookie.net/haikyuu/images/f/fb/Volume_6.png/revision/latest?cb=20140712034903',0,5,10000,'Lorem ipsum dolor sit amet, consectetur adipiscing elit, sed do eiusmod tempor incididunt ut labore et dolore magna aliqua. Ut enim ad minim veniam, quis nostrud exercitation ullamco laboris nisi ut aliquip ex ea commodo consequat. Duis aute irure dolor in reprehenderit in voluptate velit esse cillum dolore eu fugiat nulla pariatur. Excepteur sint occaecat cupidatat non proident, sunt in culpa qui officia deserunt mollit anim id est laborum.');
INSERT INTO "store_manga" ("id","digital","nombre","portada","premium","stock","precio","desc") VALUES (6,0,'Jujutsu Kaisen 7','https://static.wikia.nocookie.net/jujutsu-kaisen/images/2/24/Volume_7.png/revision/latest?cb=20200907050642&path-prefix=es',1,21,12000,'Lorem ipsum dolor sit amet, consectetur adipiscing elit, sed do eiusmod tempor incididunt ut labore et dolore magna aliqua. Ut enim ad minim veniam, quis nostrud exercitation ullamco laboris nisi ut aliquip ex ea commodo consequat. Duis aute irure dolor in reprehenderit in voluptate velit esse cillum dolore eu fugiat nulla pariatur. Excepteur sint occaecat cupidatat non proident, sunt in culpa qui officia deserunt mollit anim id est laborum.');
INSERT INTO "store_manga" ("id","digital","nombre","portada","premium","stock","precio","desc") VALUES (7,0,'Jujutsu Kaisen 13','https://static.wikia.nocookie.net/jujutsu-kaisen/images/b/b6/Volume_13.png/revision/latest/scale-to-width-down/1200?cb=20200921134917&path-prefix=es',1,10,12000,'Lorem ipsum dolor sit amet, consectetur adipiscing elit, sed do eiusmod tempor incididunt ut labore et dolore magna aliqua. Ut enim ad minim veniam, quis nostrud exercitation ullamco laboris nisi ut aliquip ex ea commodo consequat. Duis aute irure dolor in reprehenderit in voluptate velit esse cillum dolore eu fugiat nulla pariatur. Excepteur sint occaecat cupidatat non proident, sunt in culpa qui officia deserunt mollit anim id est laborum.');
INSERT INTO "store_manga" ("id","digital","nombre","portada","premium","stock","precio","desc") VALUES (8,1,'Kimetsu No Yaiba 02','https://static.wikia.nocookie.net/kimetsu-no-yaiba/images/a/a3/Kimetsu_no_Yaiba_V2.png/revision/latest?cb=20181206190746',0,5,10000,'Lorem ipsum dolor sit amet, consectetur adipiscing elit, sed do eiusmod tempor incididunt ut labore et dolore magna aliqua. Ut enim ad minim veniam, quis nostrud exercitation ullamco laboris nisi ut aliquip ex ea commodo consequat. Duis aute irure dolor in reprehenderit in voluptate velit esse cillum dolore eu fugiat nulla pariatur. Excepteur sint occaecat cupidatat non proident, sunt in culpa qui officia deserunt mollit anim id est laborum.');
INSERT INTO "store_manga" ("id","digital","nombre","portada","premium","stock","precio","desc") VALUES (9,1,'Kimetsu No Yaiba 03','https://static.wikia.nocookie.net/kimetsu-no-yaiba/images/a/ae/Kimetsu_no_Yaiba_V3.png/revision/latest?cb=20181206190801',0,5,10000,'Lorem ipsum dolor sit amet, consectetur adipiscing elit, sed do eiusmod tempor incididunt ut labore et dolore magna aliqua. Ut enim ad minim veniam, quis nostrud exercitation ullamco laboris nisi ut aliquip ex ea commodo consequat. Duis aute irure dolor in reprehenderit in voluptate velit esse cillum dolore eu fugiat nulla pariatur. Excepteur sint occaecat cupidatat non proident, sunt in culpa qui officia deserunt mollit anim id est laborum.');
INSERT INTO "store_manga" ("id","digital","nombre","portada","premium","stock","precio","desc") VALUES (10,1,'Kimetsu No Yaiba 04','https://static.wikia.nocookie.net/kimetsu-no-yaiba/images/0/02/Kimetsu_no_Yaiba_V4.png/revision/latest?cb=20161201151048',0,5,10000,'Lorem ipsum dolor sit amet, consectetur adipiscing elit, sed do eiusmod tempor incididunt ut labore et dolore magna aliqua. Ut enim ad minim veniam, quis nostrud exercitation ullamco laboris nisi ut aliquip ex ea commodo consequat. Duis aute irure dolor in reprehenderit in voluptate velit esse cillum dolore eu fugiat nulla pariatur. Excepteur sint occaecat cupidatat non proident, sunt in culpa qui officia deserunt mollit anim id est laborum.');
INSERT INTO "store_manga" ("id","digital","nombre","portada","premium","stock","precio","desc") VALUES (11,1,'Hell''s Paradise 2','https://static.wikia.nocookie.net/jigokuraku/images/6/68/Volume_02.png/revision/latest?cb=20181229144843',0,5,12000,'Lorem ipsum dolor sit amet, consectetur adipiscing elit, sed do eiusmod tempor incididunt ut labore et dolore magna aliqua. Ut enim ad minim veniam, quis nostrud exercitation ullamco laboris nisi ut aliquip ex ea commodo consequat. Duis aute irure dolor in reprehenderit in voluptate velit esse cillum dolore eu fugiat nulla pariatur. Excepteur sint occaecat cupidatat non proident, sunt in culpa qui officia deserunt mollit anim id est laborum.');
INSERT INTO "store_manga" ("id","digital","nombre","portada","premium","stock","precio","desc") VALUES (12,1,'Hell''s Paradise 3','https://static.wikia.nocookie.net/jigokuraku/images/5/5c/Volume_03.png/revision/latest?cb=20181229144850',1,8,14000,'Lorem ipsum dolor sit amet, consectetur adipiscing elit, sed do eiusmod tempor incididunt ut labore et dolore magna aliqua. Ut enim ad minim veniam, quis nostrud exercitation ullamco laboris nisi ut aliquip ex ea commodo consequat. Duis aute irure dolor in reprehenderit in voluptate velit esse cillum dolore eu fugiat nulla pariatur. Excepteur sint occaecat cupidatat non proident, sunt in culpa qui officia deserunt mollit anim id est laborum.');
INSERT INTO "store_manga" ("id","digital","nombre","portada","premium","stock","precio","desc") VALUES (13,0,'Shingeki No Kyojin 2','https://static.wikia.nocookie.net/shingeki-no-kyojin/images/f/f0/Volumen_2_%28Japones%29.png/revision/latest?cb=20180720023531&path-prefix=es',0,25,6000,'Lorem ipsum dolor sit amet, consectetur adipiscing elit, sed do eiusmod tempor incididunt ut labore et dolore magna aliqua. Ut enim ad minim veniam, quis nostrud exercitation ullamco laboris nisi ut aliquip ex ea commodo consequat. Duis aute irure dolor in reprehenderit in voluptate velit esse cillum dolore eu fugiat nulla pariatur. Excepteur sint occaecat cupidatat non proident, sunt in culpa qui officia deserunt mollit anim id est laborum.');
INSERT INTO "store_manga" ("id","digital","nombre","portada","premium","stock","precio","desc") VALUES (14,0,'Shingeki No Kyojin 3','https://static.wikia.nocookie.net/shingeki-no-kyojin/images/1/10/Volumen_3_%28Japones%29.png/revision/latest?cb=20180720023619&path-prefix=es',0,21,6000,'Lorem ipsum dolor sit amet, consectetur adipiscing elit, sed do eiusmod tempor incididunt ut labore et dolore magna aliqua. Ut enim ad minim veniam, quis nostrud exercitation ullamco laboris nisi ut aliquip ex ea commodo consequat. Duis aute irure dolor in reprehenderit in voluptate velit esse cillum dolore eu fugiat nulla pariatur. Excepteur sint occaecat cupidatat non proident, sunt in culpa qui officia deserunt mollit anim id est laborum.');
INSERT INTO "store_manga" ("id","digital","nombre","portada","premium","stock","precio","desc") VALUES (15,0,'Shingeki No Kyojin 4','https://static.wikia.nocookie.net/shingeki-no-kyojin/images/b/b3/Volumen_4_%28Japones%29.png/revision/latest?cb=20180720023619&path-prefix=es',0,23,6000,'Lorem ipsum dolor sit amet, consectetur adipiscing elit, sed do eiusmod tempor incididunt ut labore et dolore magna aliqua. Ut enim ad minim veniam, quis nostrud exercitation ullamco laboris nisi ut aliquip ex ea commodo consequat. Duis aute irure dolor in reprehenderit in voluptate velit esse cillum dolore eu fugiat nulla pariatur. Excepteur sint occaecat cupidatat non proident, sunt in culpa qui officia deserunt mollit anim id est laborum.');
INSERT INTO "store_manga" ("id","digital","nombre","portada","premium","stock","precio","desc") VALUES (16,1,'Haikyu!! 5','https://static.wikia.nocookie.net/haikyuu/images/8/8a/Volume_5.png/revision/latest?cb=20140712034806',0,8,10000,'Lorem ipsum dolor sit amet, consectetur adipiscing elit, sed do eiusmod tempor incididunt ut labore et dolore magna aliqua. Ut enim ad minim veniam, quis nostrud exercitation ullamco laboris nisi ut aliquip ex ea commodo consequat. Duis aute irure dolor in reprehenderit in voluptate velit esse cillum dolore eu fugiat nulla pariatur. Excepteur sint occaecat cupidatat non proident, sunt in culpa qui officia deserunt mollit anim id est laborum.');
INSERT INTO "store_manga" ("id","digital","nombre","portada","premium","stock","precio","desc") VALUES (17,1,'Haikyu!! 4','https://static.wikia.nocookie.net/haikyuu/images/3/31/Volume_4.png/revision/latest?cb=20140712034704',0,10,10000,'Lorem ipsum dolor sit amet, consectetur adipiscing elit, sed do eiusmod tempor incididunt ut labore et dolore magna aliqua. Ut enim ad minim veniam, quis nostrud exercitation ullamco laboris nisi ut aliquip ex ea commodo consequat. Duis aute irure dolor in reprehenderit in voluptate velit esse cillum dolore eu fugiat nulla pariatur. Excepteur sint occaecat cupidatat non proident, sunt in culpa qui officia deserunt mollit anim id est laborum.');
INSERT INTO "store_manga" ("id","digital","nombre","portada","premium","stock","precio","desc") VALUES (18,1,'Haikyu!! 3','https://static.wikia.nocookie.net/haikyuu/images/7/75/Volume_3.png/revision/latest?cb=20140712034506',0,12,10000,'Lorem ipsum dolor sit amet, consectetur adipiscing elit, sed do eiusmod tempor incididunt ut labore et dolore magna aliqua. Ut enim ad minim veniam, quis nostrud exercitation ullamco laboris nisi ut aliquip ex ea commodo consequat. Duis aute irure dolor in reprehenderit in voluptate velit esse cillum dolore eu fugiat nulla pariatur. Excepteur sint occaecat cupidatat non proident, sunt in culpa qui officia deserunt mollit anim id est laborum.');
INSERT INTO "store_manga" ("id","digital","nombre","portada","premium","stock","precio","desc") VALUES (19,1,'Haikyu!! 2','https://static.wikia.nocookie.net/haikyuu/images/2/2f/Volume_2.png/revision/latest?cb=20140712034350',0,21,10000,'Lorem ipsum dolor sit amet, consectetur adipiscing elit, sed do eiusmod tempor incididunt ut labore et dolore magna aliqua. Ut enim ad minim veniam, quis nostrud exercitation ullamco laboris nisi ut aliquip ex ea commodo consequat. Duis aute irure dolor in reprehenderit in voluptate velit esse cillum dolore eu fugiat nulla pariatur. Excepteur sint occaecat cupidatat non proident, sunt in culpa qui officia deserunt mollit anim id est laborum.');
INSERT INTO "store_manga" ("id","digital","nombre","portada","premium","stock","precio","desc") VALUES (20,1,'Haikyu!! 1','https://static.wikia.nocookie.net/haikyuu/images/0/0e/Volume_1.png/revision/latest?cb=20151001221745',0,21,10000,'Lorem ipsum dolor sit amet, consectetur adipiscing elit, sed do eiusmod tempor incididunt ut labore et dolore magna aliqua. Ut enim ad minim veniam, quis nostrud exercitation ullamco laboris nisi ut aliquip ex ea commodo consequat. Duis aute irure dolor in reprehenderit in voluptate velit esse cillum dolore eu fugiat nulla pariatur. Excepteur sint occaecat cupidatat non proident, sunt in culpa qui officia deserunt mollit anim id est laborum.');
INSERT INTO "store_cart" ("id","is_paid","user_id") VALUES (11,0,NULL);
COMMIT;
